Billie Eilish,Description 1,/media/image/TestScreen_square.svg
Twenty One Pilots,Description 2,/media/image/TestScreen_square.svg
Maroon 5,Description 3,/media/image/TestScreen_square.svg
Niletto,Description 4,/media/image/TestScreen_square.svg
Pharrell Williams,Description 5,/media/image/TestScreen_square.svg
John Newman,Description 6,/media/image/TestScreen_square.svg
Imagine Dragons,Description 7,/media/image/TestScreen_square.svg
Bruno Mars,Description 8,/media/image/TestScreen_square.svg
Pitbull,Description 9,/media/image/TestScreen_square.svg
Maklemore,Description 10,/media/image/TestScreen_square.svg
Ed Sheeran,Description 11,/media/image/TestScreen_square.svg
The Weekend,Description 12,/media/image/TestScreen_square.svg
Drake,Description 13,/media/image/TestScreen_square.svg
Green Day,Description 14,/media/image/TestScreen_square.svg
David Guetta,Description 15,/media/image/TestScreen_square.svg
Armin van Buuren,Description 16,/media/image/TestScreen_square.svg
Rammstein,Description 17,/media/image/TestScreen_square.svg
Queen,Description 18,/media/image/TestScreen_square.svg
Monatik,Description 19,/media/image/TestScreen_square.svg
Aerosmith,Description 20,/media/image/TestScreen_square.svg
Bon Jovi,Description 21,/media/image/TestScreen_square.svg
The Beatles,Description 22,/media/image/TestScreen_square.svg
Rediohead,Description 23,/media/image/TestScreen_square.svg
Eminem,Description 24,/media/image/TestScreen_square.svg
Lil Uzi Vert,Description 25,/media/image/TestScreen_square.svg
Post Malone,Description 26,/media/image/TestScreen_square.svg
Lady Gaga,Description 27,/media/image/TestScreen_square.svg
Justin Bieber,Description 28,/media/image/TestScreen_square.svg
Ariana Grande,Description 29,/media/image/TestScreen_square.svg
Макс Корж,Description 30,/media/image/TestScreen_square.svg
Макс Барских,Description 31,/media/image/TestScreen_square.svg
The Hardkiss,Description 32,/media/image/TestScreen_square.svg
Артем Пивоваров,Description 33,/media/image/TestScreen_square.svg
Alyona Alyona,Description 34,/media/image/TestScreen_square.svg
Скриптонит,Description 35,/media/image/TestScreen_square.svg
Оля Полякова,Description 36,/media/image/TestScreen_square.svg
Порнофильмы,Description 37,/media/image/TestScreen_square.svg
Bring Me The Horizon,Description 38,/media/image/TestScreen_square.svg
Frank Sinatra,Description 39,/media/image/TestScreen_square.svg
Louis Armstorng,Description 40,/media/image/TestScreen_square.svg
Linkin Park,Description 41,/media/image/TestScreen_square.svg
Dua Lipa,Description 42,/media/image/TestScreen_square.svg
Zivert,Description 43,/media/image/TestScreen_square.svg
Tvorchi,Description 44,/media/image/TestScreen_square.svg
O.Torvald,Description 45,/media/image/TestScreen_square.svg
Backstreet Boys,Description 46,/media/image/TestScreen_square.svg
Camila Cabello,Description 47,/media/image/TestScreen_square.svg
Cardi B,Description 48,/media/image/TestScreen_square.svg
Kesha,Description 49,/media/image/TestScreen_square.svg
Mark Antony,Description 50,/media/image/TestScreen_square.svg
Ne-Yo,Description 51,/media/image/TestScreen_square.svg
Rayan Lewis,Description 52,/media/image/TestScreen_square.svg
Hilight Tribe,Description 53,/media/image/TestScreen_square.svg
Леван Горозия,Description 54,/media/image/TestScreen_square.svg
Juice WRLD,Description 55,/media/image/TestScreen_square.svg
Rihanna,Description 56,/media/image/TestScreen_square.svg
Migos,Description 57,/media/image/TestScreen_square.svg
Bradly Cooper,Description 58,/media/image/TestScreen_square.svg
Afrojack,Description 59,/media/image/TestScreen_square.svg
Wanz,Description 60,/media/image/TestScreen_square.svg
Akon,Description 61,/media/image/TestScreen_square.svg
Nayer,Description 62,/media/image/TestScreen_square.svg
